{"min": {"Omega_m": 3.1563468649643074e-11, "rho_b": 2.7515605354698237e-12, "rho_g": 2.362623154526729e-09, "tau": 215.80348191670888, "tau_eisw_lisw_120": 1146.9628179954893, "tau_eisw_lisw_50": 1883.4899835688095, "z": 0.0, "cosmos/N_ur": 3.6900277220031086e-05, "cosmos/Omega_k": -0.020741463764096732, "cosmos/h": 0.6250388862262509, "cosmos/omega_b": 0.021234197955344144, "cosmos/omega_cdm": 0.10961991473333335, "cosmos/omega_ncdm": 1.723343284002355e-05, "cosmos/tau_reio": 0.004270159100156412, "cosmos/w0_fld": -1.3844579595988549, "cosmos/wa_fld": -3.7674870027813556, "k": 4.6273478830120876e-08, "delta_cb": -138353.74095926562, "delta_m": -137960.18806051434, "phi_plus_psi": 4.176272251092084e-07, "t0_isw": -0.0011569450645745045, "t0_reco_no_isw": -0.04361311925368545, "t0_reio_no_isw": -2.756749654522929e-05, "t1": -0.00020377613060535774, "t2": -0.001760387445460485, "t2_reco": -0.001760387445460485, "t2_reio": -1.0476627974433413e-06, "D": 1.3093181006778008e-12, "H": 0.0002084905515942013, "H_eq": 30.49400249312789, "a": 9.999999999999987e-15, "a_eq": 0.0002777679350266756, "conf_time_bg": 4.433218795458115e-09, "conf_time_th": 0.08864957466587253, "da_rec": 12.055991902549495, "ds_rec": 0.12671935937218368, "e_kappa": 0.0, "g": 9.4e-323, "g_prime": -0.0006800977159307226, "g_reco": 0.0, "g_reco_prime": -0.0006800977159307226, "g_reio": 0.0, "g_reio_prime": -3.731752731167646e-08, "r_d": 0.0001329304831822177, "r_s": 2.559520064934252e-09, "ra_rec": 13146.83383583533, "rd_rec": 43.30146796252651, "rs_drag": 140.5644229486278, "rs_rec": 138.22005839442437, "tau_eq": 105.63315096116901, "tau_rec": 268.83050777452115, "tau_reio": 4097.821245431416, "z_d": 1057.7560019624495}, "max": {"Omega_m": 1.0140939325368892, "rho_b": 2.751560535469841e+44, "rho_g": 2.627826300823532e+33, "tau": 14805.82684480395, "tau_eisw_lisw_120": 1232.2835454356434, "tau_eisw_lisw_50": 2031.4141705283214, "z": 99999999999999.12, "cosmos/N_ur": 0.6995825799339018, "cosmos/Omega_k": 0.017924771258138277, "cosmos/h": 0.7579711803226847, "cosmos/omega_b": 0.023617724966859543, "cosmos/omega_cdm": 0.13336164833187017, "cosmos/omega_ncdm": 0.005118849032951135, "cosmos/tau_reio": 0.0985005808592925, "cosmos/w0_fld": -0.28218663008288436, "cosmos/wa_fld": 1.0121176358425883, "k": 111.0745617607033, "delta_cb": -8.481184308767993e-11, "delta_m": -1.0079659556087377e-10, "phi_plus_psi": 1.2576383769339496, "t0_isw": 0.00011216788728587905, "t0_reco_no_isw": 0.0860232589171328, "t0_reio_no_isw": 0.0003080444019967275, "t1": 0.0001943311128688684, "t2": 0.0018118434977621952, "t2_reco": 0.0018118434977621952, "t2_reio": 1.6214133778756243e-06, "D": 1.0, "H": 2.255697375064173e+22, "H_eq": 39.73385086031769, "a": 1.0, "a_eq": 0.00031675115856841414, "conf_time_bg": 14805.82684480395, "conf_time_th": 14805.82684480395, "da_rec": 12.933294299898854, "ds_rec": 0.13471196302419292, "e_kappa": 1.0, "g": 0.022757499382593034, "g_prime": 0.001147589068901803, "g_reco": 0.022757499382593034, "g_reco_prime": 0.001147589068901803, "g_reio": 5.2903790098122085e-05, "g_reio_prime": 3.413391490835391e-07, "r_d": 1805587.3673865863, "r_s": 1257.2980500748051, "ra_rec": 14077.209179351039, "rd_rec": 45.469098929365416, "rs_drag": 149.1428525856575, "rs_rec": 146.6421909876394, "tau_eq": 121.34638009102702, "tau_rec": 285.7144826928547, "tau_reio": 10898.386343958138, "z_d": 1063.2109833358115}}