{"best_fit": [0.02238777, 0.1201992, 0.6891288, 0.04941598, -0.9435546, -0.2810646, 0.06651194, 0.0002748833, -9.656155e-05], "covmat": [[3.168033e-08, -5.147515e-08, 2.886442e-07, 1.914586e-07, 1.260501e-06, -2.709155e-06, 6.923167e-06, -2.266568e-08, -2.110004e-07], [-5.147515e-08, 3.677088e-06, 7.28411e-06, -1.103149e-06, -2.176141e-05, 0.0001265381, 0.0001141675, 2.36675e-07, 2.718435e-06], [2.886442e-07, 7.28411e-06, 9.493833e-05, 4.501188e-06, -0.000398628, 0.001166527, 0.0003802003, -4.744367e-07, 8.2833e-06], [1.914586e-07, -1.103149e-06, 4.501188e-06, 5.742351e-05, -0.0001113206, 0.0008731844, 5.677039e-05, 6.827861e-07, 5.193593e-06], [1.260501e-06, -2.176141e-05, -0.000398628, -0.0001113206, 0.00891787, -0.04233667, -0.0001827907, 1.254039e-05, -0.0001436035], [-2.709155e-06, 0.0001265381, 0.001166527, 0.0008731844, -0.04233667, 0.248943, 0.003114693, -0.0001194641, 0.0009971049], [6.923167e-06, 0.0001141675, 0.0003802003, 5.677039e-05, -0.0001827907, 0.003114693, 0.008336169, 2.147886e-08, -6.411888e-06], [-2.266568e-08, 2.36675e-07, -4.744367e-07, 6.827861e-07, 1.254039e-05, -0.0001194641, 2.147886e-08, 5.047947e-07, 1.693547e-07], [-2.110004e-07, 2.718435e-06, 8.2833e-06, 5.193593e-06, -0.0001436035, 0.0009971049, -6.411888e-06, 1.693547e-07, 9.992231e-06]], "inv_covmat": [[78566161.88731053, -530049.8749143154, -1401278.248040977, -71996.53838937772, -350604.983436661, -82994.15250813436, 34717.945780684604, -10538951.261548275, 6446280.96103982], [-530049.8749139685, 2813667.5964071997, 415035.7224669722, 60507.52182055024, 113972.60085747334, 28014.738464587655, -67269.2407418604, 3576378.803539966, -2413524.8729353426], [-1401278.248040929, 415035.72246698086, 135025.52762588134, 1080.6870910346463, 32782.33793418201, 7725.256524834006, -13303.69919420041, 1077458.596387069, -581551.2754516219], [-71996.53838937577, 60507.5218205491, 1080.687091034256, 23185.521446000388, 68.95941578347484, -1.4533878364540145, -996.5771178306213, -54059.365871038885, -29515.692773646784], [-350604.98343665, 113972.60085747602, 32782.337934182, 68.95941578352783, 8925.36964612915, 2102.6655191485584, -3474.704629916603, 289339.9356541589, -154305.20501932237], [-82994.15250813041, 28014.738464588227, 7725.256524834007, -1.4533878364333503, 2102.6655191485584, 506.03523154167357, -839.291715269733, 70637.67280366144, -37790.905897783065], [34717.94578067562, -67269.2407418607, -13303.699194200231, -996.5771178306394, -3474.7046299165563, -839.2917152697216, 1915.5966048733665, -113103.57695742106, 67541.09819040888], [-10538951.26154769, 3576378.8035400473, 1077458.5963870725, -54059.36587103547, 289339.93565415975, 70637.67280366161, -113103.57695742292, 12205494.920967383, -5230587.0748792], [6446280.961039503, -2413524.872935377, -581551.2754516199, -29515.692773648047, -154305.2050193219, -37790.90589778294, 67541.09819040951, -5230587.074879169, 3075715.015354193]], "pnames": ["omega_b", "omega_cdm", "h", "tau_reio", "w0_fld", "wa_fld", "N_ur", "omega_ncdm", "Omega_k"], "sigma_train": 6, "sigma_validate": 5}