{"best_fit": [0.02238777, 0.1201992, 0.6891288, 0.04941598, -0.9435546, -0.2810646, 0.06651194, 0.0002748833, -9.656155e-05], "covmat": [[3.168033e-08, -5.147515e-08, 2.886442e-07, 1.914586e-07, 1.260501e-06, -2.709155e-06, 6.923167e-06, -2.266568e-08, -2.110004e-07], [-5.147515e-08, 3.677088e-06, 7.28411e-06, -1.103149e-06, -2.176141e-05, 0.0001265381, 0.0001141675, 2.36675e-07, 2.718435e-06], [2.886442e-07, 7.28411e-06, 9.493833e-05, 4.501188e-06, -0.000398628, 0.001166527, 0.0003802003, -4.744367e-07, 8.2833e-06], [1.914586e-07, -1.103149e-06, 4.501188e-06, 5.742351e-05, -0.0001113206, 0.0008731844, 5.677039e-05, 6.827861e-07, 5.193593e-06], [1.260501e-06, -2.176141e-05, -0.000398628, -0.0001113206, 0.00891787, -0.04233667, -0.0001827907, 1.254039e-05, -0.0001436035], [-2.709155e-06, 0.0001265381, 0.001166527, 0.0008731844, -0.04233667, 0.248943, 0.003114693, -0.0001194641, 0.0009971049], [6.923167e-06, 0.0001141675, 0.0003802003, 5.677039e-05, -0.0001827907, 0.003114693, 0.008336169, 2.147886e-08, -6.411888e-06], [-2.266568e-08, 2.36675e-07, -4.744367e-07, 6.827861e-07, 1.254039e-05, -0.0001194641, 2.147886e-08, 5.047947e-07, 1.693547e-07], [-2.110004e-07, 2.718435e-06, 8.2833e-06, 5.193593e-06, -0.0001436035, 0.0009971049, -6.411888e-06, 1.693547e-07, 9.992231e-06]], "inv_covmat": [[78566161.88730872, -530049.8749137637, -1401278.2480408433, -71996.53838937503, -350604.9834366244, -82994.15250812458, 34717.945780669375, -10538951.261546692, 6446280.961039078], [-530049.8749139211, 2813667.5964071867, 415035.7224669698, 60507.5218205498, 113972.60085747285, 28014.738464587463, -67269.24074186014, 3576378.803539921, -2413524.872935322], [-1401278.2480408777, 415035.72246696515, 135025.52762587683, 1080.6870910345228, 32782.33793418081, 7725.256524833727, -13303.699194199915, 1077458.5963870315, -581551.2754516003], [-71996.5383893754, 60507.521820548965, 1080.6870910343941, 23185.52144600039, 68.9594157834524, -1.4533878364425712, -996.5771178306142, -54059.36587103751, -29515.692773647268], [-350604.98343663703, 113972.60085747196, 32782.33793418087, 68.95941578349472, 8925.369646128851, 2102.6655191484865, -3474.7046299164804, 289339.93565414916, -154305.20501931687], [-82994.15250812728, 28014.73846458724, 7725.256524833731, -1.4533878364414548, 2102.6655191484856, 506.0352315416562, -839.2917152697032, 70637.67280365908, -37790.90589778173], [34717.94578067306, -67269.24074185993, -13303.699194200011, -996.5771178306275, -3474.7046299165, -839.2917152697083, 1915.596604873343, -113103.57695741924, 67541.09819040779], [-10538951.261547236, 3576378.8035399024, 1077458.596387032, -54059.365871036614, 289339.935654149, 70637.67280365908, -113103.57695741855, 12205494.920967037, -5230587.074879005], [6446280.961039265, -2413524.872935301, -581551.2754515987, -29515.6927736474, -154305.2050193163, -37790.90589778162, 67541.09819040723, -5230587.07487899, 3075715.0153540913]], "pnames": ["omega_b", "omega_cdm", "h", "tau_reio", "w0_fld", "wa_fld", "N_ur", "omega_ncdm", "Omega_k"], "sigma_train": 6, "sigma_validation": 5, "sigma_test": 5}